first_name,last_name,email,gender,salary
Roby,Helian,rhelian0@phoca.cz,Female,84.11
Derrek,Retchless,dretchless1@sun.com,Male,67.03
Nanette,Meeking,nmeeking2@wsj.com,Female,68.64
Archambault,Westmerland,awestmerland3@i2i.jp,Male,60.73
Ardyth,Sydry,asydry4@edublogs.org,Female,80.22
Dolli,Buntine,dbuntine5@businessweek.com,Female,31.45
Cynde,Poppleton,cpoppleton6@dyndns.org,Female,45.99
Lita,Broggini,lbroggini7@123-reg.co.uk,Female,49.55
Meaghan,Brockie,mbrockie8@naver.com,Female,86.72
Lemmie,Cassley,lcassley9@blogspot.com,Male,35.41
Vernice,Ager,vagera@myspace.com,Female,93.4
Aleksandr,Whitehouse,awhitehouseb@sohu.com,Male,10.4
Peta,Brehault,pbrehaultc@sciencedirect.com,Female,47.06
Hobart,Duigan,hduigand@parallels.com,Male,96.78
Jolynn,Cripps,jcrippse@alexa.com,Female,55.06
Jessee,Wallbridge,jwallbridgef@youtu.be,Male,80.56
Constantia,Stainton,cstaintong@usda.gov,Female,77.32
Bill,Tomlin,btomlinh@people.com.cn,Polygender,48.34
Swen,Rivalland,srivallandi@slate.com,Male,83.14
Rene,Wanjek,rwanjekj@altervista.org,Genderqueer,11.38
Hurleigh,Finneran,hfinnerank@bluehost.com,Male,90.38
Hastings,Traher,htraherl@marketwatch.com,Male,46.35
Cesare,Kasperski,ckasperskim@biglobe.ne.jp,Male,49.65
Burty,Landell,blandelln@mozilla.com,Male,17.95
Marchall,Faulkener,mfaulkenero@cornell.edu,Male,24.77
Alvie,Bath,abathp@dion.ne.jp,Male,14.34
Job,Borgesio,jborgesioq@canalblog.com,Male,40.7
Berton,MacPadene,bmacpadener@taobao.com,Male,60.83
Clarine,Mallen,cmallens@nhs.uk,Female,47.59
Way,Sweeten,wsweetent@va.gov,Male,42.08
Jocelyne,Dymick,jdymicku@eepurl.com,Female,27.92
Claudelle,Sabatini,csabatiniv@clickbank.net,Female,33.0
Theresa,Wind,twindw@feedburner.com,Female,38.71
Angel,Robertucci,arobertuccix@sitemeter.com,Female,36.39
Madonna,Oldnall,moldnally@wikimedia.org,Female,27.65
Rob,Phillott,rphillottz@baidu.com,Male,99.66
Keriann,Harley,kharley10@ezinearticles.com,Female,19.73
Danice,Quincey,dquincey11@blogs.com,Female,36.15
Benn,Moniker,bmoniker12@salon.com,Male,39.65
Timi,Jaukovic,tjaukovic13@techcrunch.com,Female,35.23
Laurens,Diament,ldiament14@qq.com,Male,49.9
Marylou,Signoret,msignoret15@myspace.com,Female,79.62
Krystalle,Elliston,kelliston16@pen.io,Female,43.18
Rosette,Jowers,rjowers17@edublogs.org,Female,48.64
Emmi,Maysor,emaysor18@goo.gl,Female,78.65
Gertrudis,Parratt,gparratt19@canalblog.com,Female,42.56
Baxy,Hamshere,bhamshere1a@illinois.edu,Male,87.2
Bertrando,Skrines,bskrines1b@senate.gov,Male,21.94
Ynez,Shergill,yshergill1c@surveymonkey.com,Female,13.4
Peterus,Cornwall,pcornwall1d@pagesperso-orange.fr,Male,36.55
Clim,Wayte,cwayte1e@soundcloud.com,Male,39.4
Edik,Wishkar,ewishkar1f@4shared.com,Male,29.37
Lorette,Phillipson,lphillipson1g@tripod.com,Female,60.0
Laryssa,Silversmid,lsilversmid1h@springer.com,Female,68.47
Shell,Snow,ssnow1i@google.it,Female,68.56
Erek,Cahalan,ecahalan1j@google.com,Male,17.61
Chiquia,Frickey,cfrickey1k@businesswire.com,Female,27.09
Arman,Gammell,agammell1l@example.com,Male,25.19
Irv,Hars,ihars1m@latimes.com,Male,89.54
Levon,McDuffie,lmcduffie1n@eventbrite.com,Male,35.93
Alysia,Itzakson,aitzakson1o@unc.edu,Female,38.08
Kaleb,Seekings,kseekings1p@opera.com,Male,5.16
Rog,Le Marchand,rlemarchand1q@hc360.com,Male,91.32
Malvina,Ordish,mordish1r@uiuc.edu,Female,13.27
Marlee,Alban,malban1s@wp.com,Female,26.22
Page,Pogg,ppogg1t@chron.com,Male,47.02
Ailbert,Coucha,acoucha1u@cdc.gov,Male,85.26
Greta,Redington,gredington1v@forbes.com,Female,13.35
Nixie,Ikringill,nikringill1w@webs.com,Female,94.17
Teirtza,Hatliff,thatliff1x@ca.gov,Female,56.9
Corinne,Seviour,cseviour1y@myspace.com,Female,32.74
Lina,Prujean,lprujean1z@hud.gov,Female,57.03
Gratiana,Lasselle,glasselle20@independent.co.uk,Female,23.77
Mariette,Churchin,mchurchin21@bizjournals.com,Female,53.45
Brod,Horney,bhorney22@bing.com,Male,41.1
Darrin,Ort,dort23@omniture.com,Male,35.25
Moselle,Tremmil,mtremmil24@techcrunch.com,Female,12.74
Benson,Perroni,bperroni25@booking.com,Male,24.59
Lyell,Seczyk,lseczyk26@dagondesign.com,Agender,96.78
Whitby,Parsonson,wparsonson27@wsj.com,Male,61.54
Verna,Denning,vdenning28@addtoany.com,Female,9.52
Maryanna,Mingauld,mmingauld29@tiny.cc,Female,72.25
Igor,Gregorace,igregorace2a@elpais.com,Male,85.23
My,Welland,mwelland2b@geocities.jp,Female,22.43
Harlen,Avon,havon2c@amazonaws.com,Male,72.65
Nell,Quade,nquade2d@trellian.com,Female,65.75
Murry,Baal,mbaal2e@multiply.com,Genderqueer,27.5
Ingrim,Plastow,iplastow2f@gizmodo.com,Male,54.21
Ginny,Roll,groll2g@sciencedirect.com,Female,26.18
Lynelle,Korfmann,lkorfmann2h@nyu.edu,Polygender,47.65
Myrtia,Deeks,mdeeks2i@illinois.edu,Female,34.55
Devy,Ogan,dogan2j@woothemes.com,Male,83.78
Brand,Dizlie,bdizlie2k@taobao.com,Male,12.03
Maybelle,Face,mface2l@nsw.gov.au,Female,63.78
Romeo,Paulat,rpaulat2m@stanford.edu,Male,15.72
Karoly,Wilshin,kwilshin2n@icio.us,Female,81.94
Reta,Hamor,rhamor2o@trellian.com,Female,87.25
Sofia,Chaffin,schaffin2p@dmoz.org,Female,93.05
Heriberto,Redler,hredler2q@archive.org,Male,77.57
Oliver,Gayton,ogayton2r@nsw.gov.au,Male,90.02
Kingsley,Salkeld,ksalkeld2s@bloomberg.com,Male,24.66
Haroun,Bampforth,hbampforth2t@columbia.edu,Male,72.16
Felice,Andreichik,fandreichik2u@purevolume.com,Male,56.02
Melesa,O'Hagan,mohagan2v@networkadvertising.org,Female,93.28
Katuscha,Burchard,kburchard2w@cbc.ca,Female,16.55
Burnard,Lathwell,blathwell2x@amazon.de,Bigender,97.18
Lindy,Bygreaves,lbygreaves2y@soup.io,Female,32.63
Blondell,Dace,bdace2z@istockphoto.com,Female,1.75
Nicky,Caltun,ncaltun30@miitbeian.gov.cn,Female,68.48
Alasteir,Cunningham,acunningham31@ehow.com,Male,94.82
Mahmud,Lodden,mlodden32@theguardian.com,Male,60.0
Clayborn,Bullivant,cbullivant33@macromedia.com,Male,6.63
Saunderson,Keele,skeele34@vistaprint.com,Male,44.93
Erl,Matieu,ematieu35@yandex.ru,Male,98.44
Miguel,Douthwaite,mdouthwaite36@mapquest.com,Male,41.91
Tessy,Meale,tmeale37@nih.gov,Female,23.61
Horacio,Capron,hcapron38@admin.ch,Genderqueer,37.32
Elia,Diplock,ediplock39@spiegel.de,Male,70.91
Julie,Evenden,jevenden3a@state.tx.us,Male,39.41
Alma,Weekley,aweekley3b@cdc.gov,Female,24.36
Wit,Hearse,whearse3c@opensource.org,Male,68.83
Poul,Larrie,plarrie3d@scribd.com,Male,24.25
Barrett,Kingzeth,bkingzeth3e@dot.gov,Male,65.95
Audry,Vaugham,avaugham3f@woothemes.com,Female,31.75
Arvie,Bridgement,abridgement3g@infoseek.co.jp,Male,14.02
Nicolis,Thirwell,nthirwell3h@scribd.com,Male,24.24
Benjamin,Longmire,blongmire3i@dyndns.org,Male,95.29
Ellery,Rydings,erydings3j@hud.gov,Male,88.07
Dominga,Linsay,dlinsay3k@ucla.edu,Female,45.26
Dominique,Godlip,dgodlip3l@imdb.com,Female,64.64
Tymothy,Stairmand,tstairmand3m@github.com,Male,32.97
Gardiner,Abbison,gabbison3n@yelp.com,Male,10.44
Keelia,Hagstone,khagstone3o@dmoz.org,Female,43.42
Umeko,Rojel,urojel3p@ebay.co.uk,Female,11.6
Eward,Falco,efalco3q@yahoo.com,Male,30.75
Cybil,Rolf,crolf3r@china.com.cn,Female,58.98
Oswell,Oganian,ooganian3s@qq.com,Male,76.74
Amberly,Arrundale,aarrundale3t@gov.uk,Female,46.24
Claretta,Fairburne,cfairburne3u@w3.org,Female,40.46
Denice,Puckett,dpuckett3v@wunderground.com,Female,1.35
Shir,Gallego,sgallego3w@elpais.com,Female,93.22
Daune,Pamment,dpamment3x@digg.com,Female,65.09
Harland,Sussans,hsussans3y@time.com,Male,16.97
Geneva,Skinn,gskinn3z@google.co.jp,Female,99.37
Bertha,Sleightholme,bsleightholme40@youku.com,Female,18.88
Lotty,Mirfin,lmirfin41@hibu.com,Female,30.02
Web,Wilsone,wwilsone42@goo.gl,Male,74.18
Flynn,Teal,fteal43@studiopress.com,Male,7.54
Doralia,Jirasek,djirasek44@reuters.com,Female,68.07
Anna-diana,Coch,acoch45@elpais.com,Genderfluid,5.13
Kissiah,Matous,kmatous46@guardian.co.uk,Female,33.92
Skylar,Rosenfelder,srosenfelder47@exblog.jp,Male,90.2
Norby,Kauschke,nkauschke48@ezinearticles.com,Male,7.73
Avrit,Hens,ahens49@quantcast.com,Female,64.96
Cosette,Gershom,cgershom4a@t.co,Female,81.02
Mellicent,Medcraft,mmedcraft4b@google.es,Female,10.57
Jacques,Cropp,jcropp4c@list-manage.com,Male,51.69
Lindy,Hambidge,lhambidge4d@pagesperso-orange.fr,Female,43.08
Tilda,Pierrepoint,tpierrepoint4e@ehow.com,Female,93.38
Roslyn,Jeaves,rjeaves4f@cisco.com,Female,49.08
Kippy,Tetley,ktetley4g@cmu.edu,Female,86.07
Martainn,Emanson,memanson4h@rakuten.co.jp,Male,26.75
Diahann,Gun,dgun4i@prweb.com,Female,71.09
Westley,Huggan,whuggan4j@tuttocitta.it,Male,20.41
Scarface,Longbothom,slongbothom4k@blinklist.com,Male,55.95
Alexa,Mullane,amullane4l@google.cn,Female,50.99
Nadya,Kording,nkording4m@parallels.com,Agender,88.13
Zachariah,Guile,zguile4n@whitehouse.gov,Male,38.92
Alfie,Chipping,achipping4o@mit.edu,Female,93.31
Jim,Ubsdale,jubsdale4p@apple.com,Male,4.42
Aldin,Colam,acolam4q@fastcompany.com,Male,87.38
Lind,Copeland,lcopeland4r@ocn.ne.jp,Male,9.94
Thatcher,Ivanyushkin,tivanyushkin4s@blinklist.com,Male,48.69
Dennet,Brummitt,dbrummitt4t@wp.com,Male,92.55
Ruthanne,Pachta,rpachta4u@gravatar.com,Female,99.95
Puff,Laskey,plaskey4v@plala.or.jp,Male,3.42
Delainey,Reddish,dreddish4w@amazon.co.jp,Male,43.05
Sandy,Balk,sbalk4x@rakuten.co.jp,Female,98.37
Jessamine,Froude,jfroude4y@who.int,Female,72.89
Aretha,Rainsdon,arainsdon4z@stanford.edu,Female,2.55
Roxi,Stowell,rstowell50@skyrock.com,Female,33.44
Elberta,Verrico,everrico51@nifty.com,Female,21.41
Bondon,Glascott,bglascott52@hao123.com,Male,15.96
Olin,Burdfield,oburdfield53@tamu.edu,Male,18.92
Christoforo,Tanzig,ctanzig54@japanpost.jp,Male,64.61
Sephira,Lambell,slambell55@free.fr,Female,94.74
Anetta,Timmermann,atimmermann56@cpanel.net,Female,4.44
Mannie,Embury,membury57@apache.org,Female,72.74
Jonell,Lernihan,jlernihan58@dailymail.co.uk,Female,47.99
Elva,Fosh,efosh59@taobao.com,Genderfluid,74.87
Delmar,Ethridge,dethridge5a@usnews.com,Male,36.02
Elsy,O'Reagan,eoreagan5b@bandcamp.com,Female,88.33
Laryssa,MacAlroy,lmacalroy5c@theguardian.com,Female,24.88
Cele,Fountaine,cfountaine5d@exblog.jp,Female,76.22
Conn,Peatt,cpeatt5e@vk.com,Male,35.67
Jess,Weedall,jweedall5f@baidu.com,Female,71.5
Allyn,Jaffrey,ajaffrey5g@geocities.jp,Male,7.81
Court,Cullerne,ccullerne5h@netvibes.com,Male,10.44
Jemmy,Rattenberie,jrattenberie5i@g.co,Female,86.96
Karalee,Grishunin,kgrishunin5j@themeforest.net,Female,97.13
Ramonda,Kadd,rkadd5k@kickstarter.com,Female,50.71
Gretel,Norvel,gnorvel5l@blogspot.com,Female,27.57
Jacklyn,Ubsdell,jubsdell5m@constantcontact.com,Female,64.81
Jeffie,Becke,jbecke5n@smugmug.com,Male,68.55
Ruthie,O'Garmen,rogarmen5o@blinklist.com,Female,65.52
Hurley,Sone,hsone5p@spotify.com,Male,4.34
Nicolette,Lingley,nlingley5q@biglobe.ne.jp,Female,59.71
Odie,Faulo,ofaulo5r@mayoclinic.com,Male,97.15
Northrop,Lambot,nlambot5s@macromedia.com,Genderfluid,17.49
Deeanne,Endricci,dendricci5t@craigslist.org,Female,76.82
Penny,Cullinan,pcullinan5u@timesonline.co.uk,Male,46.96
Max,Gobeau,mgobeau5v@intel.com,Male,9.58
Ina,Ateggart,iateggart5w@dailymotion.com,Female,28.82
Ninette,Lindemann,nlindemann5x@youtube.com,Female,71.19
Madelle,Siddaley,msiddaley5y@oaic.gov.au,Female,76.72
Wolf,Rigge,wrigge5z@digg.com,Male,96.54
Melli,Rosewell,mrosewell60@flickr.com,Female,42.06
Corrie,Wheeler,cwheeler61@is.gd,Male,50.02
Brear,Dickin,bdickin62@arizona.edu,Female,33.26
Sigismond,Hunsworth,shunsworth63@ycombinator.com,Male,83.15
Willetta,McGeachie,wmcgeachie64@nba.com,Female,21.53
Gusty,Bagwell,gbagwell65@economist.com,Female,85.46
Cecilia,Overthrow,coverthrow66@ihg.com,Female,47.94
Shurwood,Tichner,stichner67@epa.gov,Male,29.2
Quintina,Birt,qbirt68@posterous.com,Female,21.2
Martino,Johnke,mjohnke69@stanford.edu,Male,5.13
Simone,Ronisch,sronisch6a@pcworld.com,Polygender,17.75
Elfrieda,Bosquet,ebosquet6b@soup.io,Bigender,31.53
Tamarah,Gunthorpe,tgunthorpe6c@disqus.com,Female,46.29
Henrie,Swinfon,hswinfon6d@latimes.com,Female,89.56
Auguste,Brannon,abrannon6e@vkontakte.ru,Female,88.01
Carl,Hubbard,chubbard6f@engadget.com,Male,64.94
Bobbye,Whye,bwhye6g@cloudflare.com,Female,7.34
Atalanta,Knibbs,aknibbs6h@ezinearticles.com,Female,90.4
Lib,Wankling,lwankling6i@mac.com,Female,65.53
Rosalinda,Wetton,rwetton6j@acquirethisname.com,Female,49.82
Gusty,Scawn,gscawn6k@istockphoto.com,Female,43.74
Pepito,Lattka,plattka6l@amazon.co.uk,Male,80.61
Jennilee,McCaighey,jmccaighey6m@mozilla.org,Female,85.37
Norene,Vannoort,nvannoort6n@amazon.com,Female,58.58
Bernadette,Wapplington,bwapplington6o@weibo.com,Female,16.74
Lucio,Brixey,lbrixey6p@xrea.com,Male,62.67
Andromache,Coplestone,acoplestone6q@123-reg.co.uk,Female,19.18
Gweneth,Bosma,gbosma6r@printfriendly.com,Female,84.54
Melva,Aiers,maiers6s@wunderground.com,Genderqueer,15.58
Antonius,Patman,apatman6t@globo.com,Male,18.38
Iago,MacTrusty,imactrusty6u@istockphoto.com,Genderfluid,74.48
Ethel,Emig,eemig6v@yolasite.com,Female,44.83
Odelinda,Dutnall,odutnall6w@usa.gov,Female,58.57
Waneta,Grunguer,wgrunguer6x@chronoengine.com,Female,36.19
Carree,Cerith,ccerith6y@360.cn,Female,46.5
Nicolina,Hamon,nhamon6z@nationalgeographic.com,Female,32.57
Celie,Simanek,csimanek70@feedburner.com,Female,12.64
Tris,Follin,tfollin71@joomla.org,Genderfluid,61.69
Gale,Dumbar,gdumbar72@home.pl,Male,87.03
Leilah,Aitken,laitken73@noaa.gov,Female,83.21
Gibb,Owlner,gowlner74@icq.com,Male,53.76
Franz,Buttrum,fbuttrum75@sitemeter.com,Male,45.41
Darlene,Hartegan,dhartegan76@tripadvisor.com,Female,99.49
Hugo,Carnier,hcarnier77@networksolutions.com,Bigender,31.05
Kristos,Easeman,keaseman78@istockphoto.com,Male,91.73
Madison,Tarpey,mtarpey79@prlog.org,Male,58.77
Modesta,Capelow,mcapelow7a@nasa.gov,Female,38.66
Querida,Gresty,qgresty7b@geocities.jp,Female,32.5
Junia,Merriott,jmerriott7c@etsy.com,Female,11.93
Krishnah,Jerams,kjerams7d@about.me,Male,2.63
Nilson,Merigot,nmerigot7e@nationalgeographic.com,Male,56.28
Kellie,Krochmann,kkrochmann7f@msu.edu,Female,5.95
Imogene,Dye,idye7g@slideshare.net,Female,47.91
Ram,Champniss,rchampniss7h@weather.com,Male,22.32
Edith,Stout,estout7i@odnoklassniki.ru,Female,17.23
Salomone,Hunting,shunting7j@census.gov,Male,3.9
Godfry,Dinsmore,gdinsmore7k@about.me,Male,2.11
Franky,Brimblecombe,fbrimblecombe7l@pcworld.com,Female,34.9
Ediva,Digan,edigan7m@ocn.ne.jp,Female,61.8
Lavinia,Bineham,lbineham7n@japanpost.jp,Female,94.91
Shena,Ganter,sganter7o@narod.ru,Female,30.2
Morgan,Raggett,mraggett7p@cmu.edu,Female,96.15
Egor,Levison,elevison7q@europa.eu,Male,92.39
Marcie,Stouther,mstouther7r@vk.com,Female,48.32
Elset,Polamontayne,epolamontayne7s@cbsnews.com,Female,39.25
Wood,Tobias,wtobias7t@constantcontact.com,Genderqueer,21.3
Shalom,Elliss,selliss7u@vistaprint.com,Male,27.33
Daffi,Burniston,dburniston7v@wordpress.com,Female,47.38
Astrix,Hullbrook,ahullbrook7w@flavors.me,Female,18.06
Harry,Klagges,hklagges7x@bing.com,Male,25.75
Barris,Keinrat,bkeinrat7y@creativecommons.org,Male,75.41
Conn,Hartfield,chartfield7z@netlog.com,Male,88.04
Chrissy,Pavitt,cpavitt80@odnoklassniki.ru,Female,81.09
Lou,Burborough,lburborough81@bravesites.com,Female,42.52
Gabriele,Webb,gwebb82@ebay.com,Male,95.35
Barbra,Storror,bstorror83@cnet.com,Female,44.63
Aube,Newband,anewband84@etsy.com,Male,36.24
Price,Chark,pchark85@amazon.com,Male,99.63
Blair,Glencros,bglencros86@nymag.com,Male,12.89
Cordy,Adamiec,cadamiec87@ebay.com,Male,37.37
Ferguson,Ellingham,fellingham88@ning.com,Genderfluid,74.94
Grata,Eaddy,geaddy89@geocities.com,Genderfluid,18.6
Gertrud,Blabber,gblabber8a@mtv.com,Female,79.05
Magdalene,Doerr,mdoerr8b@fastcompany.com,Female,14.31
Joelly,Betho,jbetho8c@last.fm,Female,35.66
Jessie,Birkbeck,jbirkbeck8d@microsoft.com,Female,9.74
Koenraad,Chesnut,kchesnut8e@wordpress.com,Male,1.05
Elvin,Guirardin,eguirardin8f@deviantart.com,Male,10.41
Jessey,Harring,jharring8g@weather.com,Male,87.08
Lemmy,Guilliatt,lguilliatt8h@blogs.com,Male,91.01
Ewen,Victoria,evictoria8i@scientificamerican.com,Male,29.96
Crichton,Petchey,cpetchey8j@themeforest.net,Male,98.06
Gennie,Rosenstiel,grosenstiel8k@epa.gov,Female,41.8
Meryl,Breckwell,mbreckwell8l@geocities.com,Male,60.56
Kimmie,Weetch,kweetch8m@buzzfeed.com,Female,15.57
Puff,Swindell,pswindell8n@irs.gov,Male,8.02
Benny,Wittier,bwittier8o@redcross.org,Male,98.39
Mattheus,MacCrossan,mmaccrossan8p@nasa.gov,Male,45.58
Syd,Naughton,snaughton8q@mayoclinic.com,Male,79.85
Coreen,Lisett,clisett8r@etsy.com,Female,37.28
Alis,Martijn,amartijn8s@vinaora.com,Female,64.79
Nancee,Rojel,nrojel8t@ca.gov,Female,99.77
Hasty,MacMeekan,hmacmeekan8u@networksolutions.com,Male,46.76
Lew,Foster-Smith,lfostersmith8v@com.com,Male,13.49
Fleurette,Demogeot,fdemogeot8w@qq.com,Agender,25.12
Berny,Knights,bknights8x@51.la,Male,45.94
Ferne,Duell,fduell8y@cpanel.net,Female,47.79
Cam,Bradlaugh,cbradlaugh8z@joomla.org,Female,63.9
Richy,Lowey,rlowey90@yellowpages.com,Polygender,5.86
Bancroft,McClenaghan,bmcclenaghan91@gmpg.org,Male,38.18
Shelia,Poone,spoone92@surveymonkey.com,Female,24.25
Earle,Stripp,estripp93@naver.com,Male,21.6
Linus,Orrice,lorrice94@networksolutions.com,Polygender,91.62
Thalia,Venton,tventon95@ed.gov,Female,6.26
Kassia,Escudier,kescudier96@dion.ne.jp,Bigender,16.72
Janaya,Moakes,jmoakes97@canalblog.com,Female,92.11
Phillis,Rizzotto,prizzotto98@behance.net,Female,31.01
Lavinia,Girk,lgirk99@tmall.com,Female,37.78
Bondy,Josephov,bjosephov9a@addtoany.com,Male,28.91
Elora,Freezor,efreezor9b@meetup.com,Female,32.62
Ninnette,Moden,nmoden9c@dedecms.com,Female,90.53
Audrie,Golden of Ireland,agoldenofireland9d@loc.gov,Female,32.59
Mada,Millhouse,mmillhouse9e@homestead.com,Agender,44.43
Jard,Agiolfinger,jagiolfinger9f@netscape.com,Male,50.1
Joshuah,Kinzel,jkinzel9g@mozilla.org,Male,97.27
Olga,Ashford,oashford9h@edublogs.org,Female,24.67
Hyacinthia,Freestone,hfreestone9i@jigsy.com,Female,20.94
Gar,Humburton,ghumburton9j@last.fm,Male,76.93
Penni,Swadden,pswadden9k@themeforest.net,Female,13.43
Kirby,Weond,kweond9l@latimes.com,Female,2.33
Roldan,Sarll,rsarll9m@arizona.edu,Male,14.35
Tallou,Grady,tgrady9n@yahoo.co.jp,Female,64.73
Bibi,Boosey,bboosey9o@cisco.com,Female,75.78
Suzanne,Kurth,skurth9p@amazonaws.com,Female,38.41
Alisander,Gosson,agosson9q@springer.com,Male,91.61
Gery,Spowage,gspowage9r@google.co.jp,Male,70.79
Ingemar,Rowesby,irowesby9s@merriam-webster.com,Male,82.86
Gretel,Winship,gwinship9t@paginegialle.it,Female,30.07
Belinda,Sketch,bsketch9u@statcounter.com,Female,39.52
Leopold,Fahrenbach,lfahrenbach9v@hud.gov,Male,33.05
Spencer,Colquhoun,scolquhoun9w@dot.gov,Male,20.48
Avrom,Chadwell,achadwell9x@ucla.edu,Male,13.2
Montgomery,Sussex,msussex9y@joomla.org,Male,37.73
Carolyn,Ciementini,cciementini9z@meetup.com,Bigender,27.12
Rip,Wiggin,rwiggina0@tmall.com,Male,30.78
Rosemarie,Hatry,rhatrya1@nifty.com,Genderfluid,10.97
Webster,Lowthian,wlowthiana2@phpbb.com,Male,47.91
Amandy,Colton,acoltona3@ca.gov,Female,69.71
Anett,Gabbitis,agabbitisa4@goo.ne.jp,Female,49.79
Livvy,Brennenstuhl,lbrennenstuhla5@last.fm,Female,29.13
Erena,Sandys,esandysa6@google.com.br,Genderfluid,83.72
Biron,Folliott,bfolliotta7@moonfruit.com,Male,28.16
Giuditta,Antonio,gantonioa8@wordpress.org,Female,68.86
Madelle,Willment,mwillmenta9@about.com,Female,32.59
Kerwin,Brownhill,kbrownhillaa@github.com,Male,83.14
Cristen,Bernet,cbernetab@uiuc.edu,Female,75.42
Oneida,Vakhrushev,ovakhrushevac@desdev.cn,Female,15.83
Diandra,Broggini,dbrogginiad@eventbrite.com,Female,73.49
Al,Sabey,asabeyae@google.cn,Male,62.3
Fonsie,Libbis,flibbisaf@mashable.com,Male,75.43
Julia,Igglesden,jigglesdenag@feedburner.com,Female,95.39
Roldan,Delgado,rdelgadoah@npr.org,Male,19.69
Marget,Gehrels,mgehrelsai@epa.gov,Female,61.87
Eugenius,Paddington,epaddingtonaj@cornell.edu,Male,75.81
Celene,Nenci,cnenciak@ovh.net,Female,19.66
Mil,Boss,mbossal@nationalgeographic.com,Female,11.83
Morgun,Francillo,mfrancilloam@gmpg.org,Male,56.11
Elwira,Paprotny,epaprotnyan@ucla.edu,Female,73.7
Erhard,Simmgen,esimmgenao@businesswire.com,Male,69.29
Dulcinea,Greenhalgh,dgreenhalghap@guardian.co.uk,Female,31.29
Yank,Pendry,ypendryaq@nature.com,Male,22.41
Mariejeanne,Lydiatt,mlydiattar@accuweather.com,Female,28.96
Minnnie,Asmus,masmusas@xing.com,Female,71.01
Lesly,Emeney,lemeneyat@statcounter.com,Female,28.22
Rafaello,MacDonough,rmacdonoughau@foxnews.com,Polygender,67.93
Darlleen,Knowlys,dknowlysav@vimeo.com,Female,58.05
Rhona,Peperell,rpeperellaw@mit.edu,Female,19.52
Nelli,Meighan,nmeighanax@github.com,Agender,44.35
Armand,Sleightholme,asleightholmeay@jimdo.com,Male,15.48
Owen,Goscomb,ogoscombaz@surveymonkey.com,Male,33.22
Beilul,Tomeo,btomeob0@devhub.com,Female,80.5
Krystyna,Borrie,kborrieb1@wiley.com,Female,52.23
Falkner,Vannar,fvannarb2@smh.com.au,Male,72.97
Bailey,Mirrlees,bmirrleesb3@state.gov,Male,94.29
Travis,Bowsher,tbowsherb4@geocities.com,Male,72.86
Saunders,Waterworth,swaterworthb5@clickbank.net,Male,20.25
Prisca,Kybert,pkybertb6@stanford.edu,Female,14.38
Adorne,Devereu,adevereub7@noaa.gov,Female,32.04
Abbott,Sedworth,asedworthb8@google.com.br,Male,64.93
Clarey,Camis,ccamisb9@theglobeandmail.com,Female,43.27
Durand,Pincott,dpincottba@cbc.ca,Male,31.57
Sherline,Glencrosche,sglencroschebb@homestead.com,Female,45.35
Lezlie,Werrit,lwerritbc@nytimes.com,Female,28.59
Kerr,Paz,kpazbd@tamu.edu,Male,32.53
Kincaid,Overshott,kovershottbe@scribd.com,Male,43.11
Othilie,Machin,omachinbf@cbsnews.com,Female,63.48
Che,Krol,ckrolbg@webs.com,Male,86.1
Agnella,Basden,abasdenbh@networksolutions.com,Female,2.71
Omar,Virr,ovirrbi@dion.ne.jp,Male,28.82
Margret,Cannop,mcannopbj@hatena.ne.jp,Female,10.84
Fancie,Padrick,fpadrickbk@psu.edu,Female,13.47
Tessie,Roselli,trosellibl@japanpost.jp,Female,58.13
Betta,Weale,bwealebm@360.cn,Female,78.05
Yolande,Allam,yallambn@state.gov,Female,8.99
Euell,Yanele,eyanelebo@simplemachines.org,Male,90.26
Beilul,Curnucke,bcurnuckebp@aol.com,Female,3.41
Elaine,Mellmoth,emellmothbq@w3.org,Female,50.68
Hastie,Bultitude,hbultitudebr@wordpress.com,Male,96.65
Steven,Harrema,sharremabs@t.co,Male,35.87
Elle,Sapsford,esapsfordbt@ted.com,Female,36.72
Crystie,Dwelly,cdwellybu@usatoday.com,Female,86.63
Brucie,Bawcock,bbawcockbv@cmu.edu,Male,32.08
Sanderson,Hiddsley,shiddsleybw@123-reg.co.uk,Male,6.35
Jodi,Farquarson,jfarquarsonbx@phoca.cz,Male,11.13
Conan,Mallya,cmallyaby@oaic.gov.au,Male,74.71
Pascal,Elnaugh,pelnaughbz@globo.com,Male,73.91
Nonah,McKerrow,nmckerrowc0@amazon.co.uk,Female,53.81
Ariel,Scholer,ascholerc1@t-online.de,Male,76.04
Matthus,Morin,mmorinc2@pcworld.com,Male,30.36
Thorstein,Pitt,tpittc3@quantcast.com,Male,94.31
Berget,Jirek,bjirekc4@nyu.edu,Female,6.0
Aube,Brandenburg,abrandenburgc5@bbc.co.uk,Male,85.36
Harley,Esmond,hesmondc6@tripod.com,Male,5.07
Faith,Hamshar,fhamsharc7@dailymail.co.uk,Polygender,56.27
Dwayne,Olivet,dolivetc8@google.ca,Male,71.61
Boonie,Wand,bwandc9@ask.com,Male,48.64
Dukey,Gronowe,dgronoweca@weibo.com,Male,50.14
Lyle,Gamble,lgamblecb@omniture.com,Male,60.73
Ody,Shorton,oshortoncc@nasa.gov,Male,37.07
Gherardo,Stelfax,gstelfaxcd@slashdot.org,Polygender,57.72
Andeee,Bignal,abignalce@mac.com,Female,67.9
Denis,Readmire,dreadmirecf@ftc.gov,Male,90.89
Aland,Smees,asmeescg@house.gov,Male,75.64
Nicky,Merfin,nmerfinch@whitehouse.gov,Male,87.29
Brennan,Grose,bgroseci@51.la,Male,18.99
Tiebold,Shrimpton,tshrimptoncj@google.cn,Male,82.63
Vivia,Chetwind,vchetwindck@booking.com,Female,63.28
Myrwyn,Tatlow,mtatlowcl@ustream.tv,Male,41.38
Scarface,Pocklington,spocklingtoncm@berkeley.edu,Male,28.06
Minnaminnie,Creaney,mcreaneycn@illinois.edu,Female,81.41
Randi,Poulsum,rpoulsumco@rambler.ru,Genderqueer,85.6
Adham,Hazelden,ahazeldencp@prlog.org,Male,5.68
Betteann,Hallworth,bhallworthcq@spotify.com,Female,26.38
Noellyn,Moisey,nmoiseycr@nature.com,Female,98.84
Myrle,Doncom,mdoncomcs@ning.com,Female,87.37
Anne,McCambridge,amccambridgect@marketwatch.com,Female,77.58
Mark,Ceaser,mceasercu@facebook.com,Male,26.16
Ilyse,Candy,icandycv@google.cn,Female,48.29
Grannie,Briddle,gbriddlecw@a8.net,Male,36.23
Angelico,Cray,acraycx@artisteer.com,Male,57.37
Ingelbert,Orleton,iorletoncy@buzzfeed.com,Male,18.76
Bjorn,Mackneis,bmackneiscz@tripod.com,Male,53.71
Clayson,Longden,clongdend0@tumblr.com,Bigender,89.66
Elsey,Luquet,eluquetd1@prweb.com,Female,90.05
Avrit,Lickess,alickessd2@sbwire.com,Female,15.67
Ashley,Provost,aprovostd3@shinystat.com,Male,57.95
Yovonnda,Ivanishev,yivanishevd4@simplemachines.org,Female,30.86
Scott,Gehricke,sgehricked5@nih.gov,Male,6.63
Yovonnda,Riggoll,yriggolld6@rambler.ru,Female,51.72
Josefa,Northwood,jnorthwoodd7@nhs.uk,Female,47.27
Farleigh,MacDirmid,fmacdirmidd8@smh.com.au,Male,52.46
Lindsey,Bediss,lbedissd9@ebay.com,Male,17.55
Cammi,Drees,cdreesda@is.gd,Female,92.02
Francene,Gumley,fgumleydb@rakuten.co.jp,Female,79.8
Forest,Horsburgh,fhorsburghdc@toplist.cz,Male,17.04
Cinda,Smurfitt,csmurfittdd@yellowbook.com,Female,40.55
Jolene,Whisby,jwhisbyde@go.com,Female,6.29
Greg,Narey,gnareydf@berkeley.edu,Male,81.32
Nickie,Bourgaize,nbourgaizedg@uol.com.br,Male,51.91
Margie,Scouller,mscoullerdh@studiopress.com,Female,34.78
Staci,Berens,sberensdi@eventbrite.com,Female,73.14
Hobard,Tollemache,htollemachedj@theguardian.com,Male,59.34
Vi,Frankel,vfrankeldk@hao123.com,Agender,41.65
Karine,Elijah,kelijahdl@blog.com,Female,47.29
Clint,Primak,cprimakdm@github.com,Male,77.25
Tomkin,Markwelley,tmarkwelleydn@example.com,Male,59.22
Nahum,Braidley,nbraidleydo@addtoany.com,Male,83.7
Ondrea,Simeon,osimeondp@craigslist.org,Female,41.08
Dov,Dewett,ddewettdq@constantcontact.com,Male,62.99
Carley,Mower,cmowerdr@godaddy.com,Female,24.39
Mitzi,Presho,mpreshods@over-blog.com,Female,72.24
Kory,Arrowsmith,karrowsmithdt@state.tx.us,Male,1.68
Dukey,Jarrelt,djarreltdu@tripadvisor.com,Male,63.47
Maurene,Wilcox,mwilcoxdv@artisteer.com,Female,41.67
Kristoffer,Sowten,ksowtendw@hostgator.com,Male,69.79
Charlotta,Seivertsen,cseivertsendx@addtoany.com,Female,87.02
Frank,Witten,fwittendy@free.fr,Female,5.39
Neron,Galego,ngalegodz@newsvine.com,Male,15.23
Gal,Frangione,gfrangionee0@sciencedaily.com,Male,30.84
Vick,Hammerich,vhammeriche1@latimes.com,Male,73.86
Bev,Pautard,bpautarde2@liveinternet.ru,Male,97.91
Betta,Verbeek,bverbeeke3@lulu.com,Female,32.8
Isabeau,Keely,ikeelye4@uol.com.br,Female,43.78
Kara,Bare,kbaree5@state.gov,Female,48.77
Evvie,Schurig,eschurige6@phpbb.com,Female,96.03
Carolann,Wakefield,cwakefielde7@redcross.org,Female,71.35
Anett,Keech,akeeche8@netvibes.com,Female,55.17
Galven,Ableson,gablesone9@elegantthemes.com,Male,57.53
Bord,Lovegrove,blovegroveea@wired.com,Male,74.2
Clemente,Schurig,cschurigeb@gnu.org,Male,37.03
Avivah,Kearton,akeartonec@slideshare.net,Female,3.42
Budd,McElhinney,bmcelhinneyed@imgur.com,Male,3.68
Dareen,Sircomb,dsircombee@blog.com,Female,97.18
Adamo,Sutter,asutteref@ucsd.edu,Male,11.8
Doloritas,Walkley,dwalkleyeg@techcrunch.com,Female,25.82
Simon,Stembridge,sstembridgeeh@unesco.org,Male,99.44
Maddy,Sones,msonesei@mozilla.com,Male,70.94
Frasquito,O'Cullinane,focullinaneej@washington.edu,Male,48.88
Kurtis,Paulson,kpaulsonek@nih.gov,Male,49.38
Antonius,Wulfinger,awulfingerel@addthis.com,Male,31.3
Nerti,Flobert,nflobertem@dyndns.org,Female,63.18
Kinna,Scramage,kscramageen@surveymonkey.com,Female,40.72
Haily,Vlach,hvlacheo@webmd.com,Male,91.48
Kinnie,Ruppelin,kruppelinep@cdbaby.com,Male,67.69
Fremont,McShee,fmcsheeeq@economist.com,Male,64.33
Victoria,Brightey,vbrighteyer@shinystat.com,Genderqueer,92.13
Timothee,Amoore,tamoorees@tripadvisor.com,Male,95.51
Alfi,Dingsdale,adingsdaleet@uiuc.edu,Female,32.3
Axe,Brolan,abrolaneu@microsoft.com,Male,61.88
Sibyl,Rentz,srentzev@tripadvisor.com,Male,25.29
Nerte,McMenamie,nmcmenamieew@newsvine.com,Female,60.52
Danny,Emblem,demblemex@mashable.com,Female,52.72
Myca,Filipchikov,mfilipchikovey@dagondesign.com,Male,45.75
Peyter,Giacomi,pgiacomiez@netlog.com,Male,50.43
Joleen,Dorey,jdoreyf0@goo.gl,Female,72.97
Nana,Edgar,nedgarf1@fotki.com,Female,10.58
Sanders,Godsell,sgodsellf2@domainmarket.com,Male,93.53
Rutherford,Vallentin,rvallentinf3@ebay.com,Male,4.88
Mirabelle,Divill,mdivillf4@netvibes.com,Female,19.86
Jdavie,Brunel,jbrunelf5@accuweather.com,Male,62.33
Franciskus,Sket,fsketf6@angelfire.com,Male,80.34
Jorrie,Botfield,jbotfieldf7@biblegateway.com,Female,18.93
Sydney,Rispen,srispenf8@feedburner.com,Male,79.02
Lynne,Kingstne,lkingstnef9@chron.com,Female,38.61
Veradis,Demange,vdemangefa@furl.net,Female,67.99
Laureen,Petrik,lpetrikfb@aol.com,Female,5.86
Gale,Harbinson,gharbinsonfc@mit.edu,Female,78.26
Hi,Cockrill,hcockrillfd@telegraph.co.uk,Male,91.47
Arron,Mudd,amuddfe@si.edu,Male,59.29
Ive,Cornick,icornickff@unicef.org,Genderfluid,17.42
Carolin,Garside,cgarsidefg@independent.co.uk,Female,89.48
Kevon,Isley,kisleyfh@bloglines.com,Male,8.5
Griselda,Northley,gnorthleyfi@networksolutions.com,Female,37.61
Claybourne,Honisch,chonischfj@macromedia.com,Male,18.54
Antoni,Bowhay,abowhayfk@jigsy.com,Male,62.26
Vassili,Elliker,vellikerfl@omniture.com,Male,68.83
Foster,Bartleman,fbartlemanfm@quantcast.com,Male,33.94
Marrissa,Gotmann,mgotmannfn@auda.org.au,Female,65.72
Timotheus,Tappin,ttappinfo@google.es,Male,62.18
Noach,Negal,nnegalfp@ezinearticles.com,Male,52.6
Corry,Hatwell,chatwellfq@buzzfeed.com,Genderqueer,15.02
Letti,Dureden,lduredenfr@google.nl,Female,83.93
Grannie,Siehard,gsiehardfs@livejournal.com,Male,77.48
Reeba,Foro,rforoft@pagesperso-orange.fr,Genderqueer,96.04
Norrie,Tombleson,ntomblesonfu@dropbox.com,Female,59.97
Roland,Houlworth,rhoulworthfv@ucoz.ru,Male,38.99
Catie,Watson-Brown,cwatsonbrownfw@livejournal.com,Female,11.39
Tabby,Roly,trolyfx@tripadvisor.com,Female,37.96
Carver,Belward,cbelwardfy@slate.com,Male,87.92
Teirtza,Bradshaw,tbradshawfz@uiuc.edu,Female,86.25
Winslow,Jakaway,wjakawayg0@diigo.com,Male,54.45
Leonidas,Ever,leverg1@wikia.com,Male,18.95
Dulsea,Govinlock,dgovinlockg2@etsy.com,Female,99.41
Danna,Ridewood,dridewoodg3@craigslist.org,Female,45.45
Margalit,Restall,mrestallg4@exblog.jp,Female,30.75
Artemus,Afield,aafieldg5@hexun.com,Agender,42.03
Savina,Beebe,sbeebeg6@dion.ne.jp,Female,86.54
Sophia,Girkin,sgirking7@thetimes.co.uk,Female,40.66
Duky,Newdick,dnewdickg8@skyrock.com,Male,34.15
Nollie,Godfree,ngodfreeg9@wisc.edu,Male,66.38
Roderic,Ivanets,rivanetsga@w3.org,Male,87.88
Llewellyn,Pawellek,lpawellekgb@earthlink.net,Male,77.66
Steven,Sloley,ssloleygc@shinystat.com,Male,79.82
Ferdinande,Tremberth,ftremberthgd@trellian.com,Female,21.29
Burke,Popland,bpoplandge@jiathis.com,Male,67.98
Fifi,Sleightholm,fsleightholmgf@webnode.com,Female,71.32
Winifred,Boriston,wboristongg@example.com,Female,82.22
Caesar,Treend,ctreendgh@google.fr,Male,74.92
Boonie,Duffitt,bduffittgi@wp.com,Male,87.74
Nikolaos,Dearlove,ndearlovegj@bravesites.com,Male,58.85
Deina,Ondrousek,dondrousekgk@google.com.hk,Bigender,51.39
Lona,Ind,lindgl@independent.co.uk,Female,96.3
Halsy,Roullier,hroulliergm@hud.gov,Male,14.08
Meridith,Latliff,mlatliffgn@nba.com,Female,85.19
Osmund,Sheavills,osheavillsgo@4shared.com,Male,76.81
Gaylor,Pudner,gpudnergp@unc.edu,Male,55.25
Zaneta,Mott,zmottgq@purevolume.com,Female,57.93
Raynell,Cleever,rcleevergr@google.com.au,Female,61.22
Giusto,Snelman,gsnelmangs@theatlantic.com,Male,16.32
Kipper,Devine,kdevinegt@gmpg.org,Male,63.8
Thaine,Reace,treacegu@youku.com,Male,19.32
Gris,Dudding,gduddinggv@dedecms.com,Polygender,15.22
Anabel,Jaggi,ajaggigw@sphinn.com,Female,18.21
Javier,Brabban,jbrabbangx@theatlantic.com,Male,43.3
Donia,Tidcombe,dtidcombegy@multiply.com,Female,2.75
Conan,Trethewey,ctretheweygz@usgs.gov,Bigender,19.09
Karolina,Huffy,khuffyh0@un.org,Genderfluid,40.94
Ainslie,Paolo,apaoloh1@discovery.com,Female,87.85
Moshe,Frankling,mfranklingh2@amazon.com,Polygender,67.21
Nickie,Streetfield,nstreetfieldh3@washingtonpost.com,Male,11.47
Jaymie,MacNalley,jmacnalleyh4@nbcnews.com,Male,25.56
Oran,Kernaghan,okernaghanh5@jalbum.net,Male,15.58
Tony,Langland,tlanglandh6@php.net,Bigender,50.33
Galina,Luquet,gluqueth7@wordpress.com,Polygender,27.04
Rudy,Radford,rradfordh8@psu.edu,Male,49.4
Roy,Roxburch,rroxburchh9@homestead.com,Male,11.66
Guss,Portal,gportalha@freewebs.com,Male,7.23
Giovanni,Brunicke,gbrunickehb@fda.gov,Bigender,5.53
Flin,Perkis,fperkishc@cpanel.net,Genderfluid,59.11
Whittaker,Rounsivall,wrounsivallhd@geocities.jp,Male,44.33
Nicolais,Lambrechts,nlambrechtshe@istockphoto.com,Male,28.69
Antoine,Sidle,asidlehf@npr.org,Male,38.41
Alison,Tremmel,atremmelhg@arizona.edu,Genderqueer,61.42
Galina,Harlow,gharlowhh@newsvine.com,Female,69.52
Joella,Goodbar,jgoodbarhi@posterous.com,Female,1.58
Elianora,Ingrey,eingreyhj@wordpress.org,Female,26.47
Jess,Spellard,jspellardhk@scribd.com,Female,59.37
Zondra,Sandeson,zsandesonhl@craigslist.org,Female,95.83
Nial,Danick,ndanickhm@twitter.com,Male,34.45
Monica,Biskupek,mbiskupekhn@salon.com,Female,84.85
Aleece,Towersey,atowerseyho@arizona.edu,Female,69.72
Desmund,Coarser,dcoarserhp@google.de,Male,26.32
Abby,Jansema,ajansemahq@tinyurl.com,Male,30.18
Fairfax,Mount,fmounthr@ovh.net,Bigender,96.05
Cortie,Cashen,ccashenhs@mayoclinic.com,Male,7.96
Bartie,Cordeux,bcordeuxht@desdev.cn,Male,82.49
Alan,Lapwood,alapwoodhu@ucoz.ru,Male,48.84
Trude,Springett,tspringetthv@ehow.com,Female,72.49
Rennie,Hallbird,rhallbirdhw@dagondesign.com,Female,43.32
Mischa,Elwill,melwillhx@loc.gov,Male,17.62
Gabbi,Woodvine,gwoodvinehy@about.com,Female,38.16
Hedy,Sutherley,hsutherleyhz@reddit.com,Female,99.03
Cchaddie,Dainter,cdainteri0@guardian.co.uk,Male,6.44
Pepita,Perryman,pperrymani1@yale.edu,Female,39.58
Randa,Habishaw,rhabishawi2@ed.gov,Female,62.44
Zsa zsa,Ciobutaro,zciobutaroi3@bing.com,Female,95.21
Noach,Andrieux,nandrieuxi4@goo.ne.jp,Male,20.81
Yehudi,Klaaasen,yklaaaseni5@telegraph.co.uk,Male,48.93
Valeda,Churchill,vchurchilli6@hhs.gov,Female,88.49
Norman,Littefair,nlittefairi7@github.com,Male,1.67
Catriona,Jessel,cjesseli8@huffingtonpost.com,Female,76.43
Eirena,Howford,ehowfordi9@accuweather.com,Genderfluid,30.56
Inna,Meaking,imeakingia@wisc.edu,Female,57.26
Wallace,Restall,wrestallib@infoseek.co.jp,Male,3.46
Orran,Kitchiner,okitchineric@elegantthemes.com,Male,54.65
Moishe,Mitchener,mmitchenerid@army.mil,Male,76.75
Ashton,Reignolds,areignoldsie@pbs.org,Male,1.43
Niles,Buist,nbuistif@1688.com,Male,45.05
Cacilie,Wolfe,cwolfeig@bizjournals.com,Female,48.18
Shaylyn,Stote,sstoteih@elpais.com,Agender,80.94
Sergeant,Jakov,sjakovii@pcworld.com,Polygender,14.68
Calhoun,Dehm,cdehmij@chicagotribune.com,Male,3.65
Guillaume,Muino,gmuinoik@google.co.jp,Male,75.21
Stan,Aumerle,saumerleil@mlb.com,Male,5.06
Renee,Ferguson,rfergusonim@nsw.gov.au,Female,5.45
Doralyn,Ascough,dascoughin@taobao.com,Genderfluid,76.99
Kerrill,Crossdale,kcrossdaleio@wired.com,Female,54.82
Joane,Arndtsen,jarndtsenip@google.com,Female,87.62
Ray,Pawlaczyk,rpawlaczykiq@google.cn,Male,55.52
Si,Aylott,saylottir@topsy.com,Male,39.91
Norman,Swindall,nswindallis@nymag.com,Male,35.59
Alwyn,Burley,aburleyit@woothemes.com,Male,68.18
Hestia,Portis,hportisiu@va.gov,Female,14.46
Virgina,Jaffra,vjaffraiv@dion.ne.jp,Female,45.01
Melisande,Silcocks,msilcocksiw@ovh.net,Female,28.8
Irita,Popping,ipoppingix@friendfeed.com,Female,58.87
Thomasina,Gildea,tgildeaiy@yelp.com,Female,84.07
Erhart,Verillo,everilloiz@time.com,Male,6.67
Wendi,Varfolomeev,wvarfolomeevj0@w3.org,Female,22.41
Bondy,Howels,bhowelsj1@phpbb.com,Male,71.13
Terri,Welsh,twelshj2@gizmodo.com,Female,95.89
Kissiah,McGarrie,kmcgarriej3@mashable.com,Female,59.08
Berty,Tatlowe,btatlowej4@free.fr,Female,10.76
Quintilla,Giacopelo,qgiacopeloj5@slate.com,Female,6.92
Nonah,Finey,nfineyj6@tmall.com,Female,99.41
Brion,McAllan,bmcallanj7@washington.edu,Male,74.19
Patten,MacAlroy,pmacalroyj8@symantec.com,Male,33.85
Jenn,Doyle,jdoylej9@exblog.jp,Female,78.51
Buiron,Hundall,bhundallja@huffingtonpost.com,Male,92.05
Thebault,Farbrother,tfarbrotherjb@ow.ly,Male,45.26
Sharai,MacSharry,smacsharryjc@creativecommons.org,Bigender,84.49
Magdalena,Cassie,mcassiejd@mail.ru,Female,31.32
Homere,Banger,hbangerje@whitehouse.gov,Male,30.17
Enrika,Dargue,edarguejf@ifeng.com,Female,68.61
Ronnie,Pippin,rpippinjg@netscape.com,Male,51.99
Gale,Worsley,gworsleyjh@si.edu,Bigender,77.18
Westbrook,Seczyk,wseczykji@51.la,Male,40.29
Genevra,Patriche,gpatrichejj@ihg.com,Female,3.55
Christophe,Beardmore,cbeardmorejk@pcworld.com,Male,79.67
Babs,Surplice,bsurplicejl@lycos.com,Female,81.6
May,Dukesbury,mdukesburyjm@constantcontact.com,Female,40.09
Courtney,Dowden,cdowdenjn@springer.com,Female,80.18
Portie,Tedman,ptedmanjo@ft.com,Polygender,27.96
Shay,Pay,spayjp@is.gd,Male,92.23
Johann,Sings,jsingsjq@imgur.com,Male,7.12
Lily,Shermar,lshermarjr@wiley.com,Female,60.67
Mikel,Vassano,mvassanojs@unesco.org,Male,37.13
Lark,Grabb,lgrabbjt@shutterfly.com,Female,41.81
Corny,Eyer,ceyerju@moonfruit.com,Male,60.09
Kimberlyn,Orwell,korwelljv@joomla.org,Female,83.72
Weider,Dodshon,wdodshonjw@seesaa.net,Male,80.1
Erna,Wellman,ewellmanjx@topsy.com,Female,58.81
Malvin,MacBean,mmacbeanjy@exblog.jp,Male,79.4
Tilda,Houlahan,thoulahanjz@webeden.co.uk,Female,6.63
Janna,Conaboy,jconaboyk0@slate.com,Female,26.23
Griz,Larkin,glarkink1@bravesites.com,Male,69.08
Arvie,O' Borne,aobornek2@symantec.com,Male,91.03
Bowie,Kingswold,bkingswoldk3@oakley.com,Polygender,9.63
Goran,Paliser,gpaliserk4@webs.com,Male,90.2
Rutter,Marquese,rmarquesek5@artisteer.com,Male,9.04
Merle,Hollibone,mhollibonek6@businessweek.com,Female,75.11
Wynne,Iacobassi,wiacobassik7@bloglovin.com,Female,41.87
Bobina,Belchamp,bbelchampk8@jiathis.com,Female,30.67
Ferdy,Jendrassik,fjendrassikk9@seesaa.net,Male,56.74
Frasier,Pendlebery,fpendleberyka@nationalgeographic.com,Male,43.09
Piper,Pillinger,ppillingerkb@msn.com,Female,24.86
Ezequiel,Shallow,eshallowkc@purevolume.com,Male,33.19
Olympie,Klimes,oklimeskd@telegraph.co.uk,Female,90.32
Meg,Driffield,mdriffieldke@boston.com,Female,43.21
Nicolis,Odby,nodbykf@shareasale.com,Male,2.07
Warren,Guppy,wguppykg@npr.org,Male,11.18
Hallie,Dessent,hdessentkh@vk.com,Female,24.49
Raphaela,Ridding,rriddingki@japanpost.jp,Female,65.19
Susann,Cockman,scockmankj@dell.com,Female,31.94
Donn,Bownd,dbowndkk@seesaa.net,Male,70.05
Alfreda,Pallesen,apallesenkl@jimdo.com,Female,44.2
Carlina,McMearty,cmcmeartykm@over-blog.com,Female,7.9
Carmelia,Ellit,cellitkn@blogspot.com,Female,15.9
Dinnie,Cracoe,dcracoeko@arizona.edu,Polygender,49.88
Neale,Deathridge,ndeathridgekp@forbes.com,Male,71.35
Tiebold,Cregin,tcreginkq@youtube.com,Male,4.64
Kahlil,McKern,kmckernkr@howstuffworks.com,Agender,43.75
Thorndike,Ambrosini,tambrosiniks@artisteer.com,Male,40.78
Hort,Beeke,hbeekekt@gov.uk,Male,49.44
Shea,Eginton,segintonku@dagondesign.com,Female,4.19
Avis,Roblou,arobloukv@harvard.edu,Female,19.57
Amandy,Pigot,apigotkw@qq.com,Female,85.74
Augustin,Ghest,aghestkx@amazonaws.com,Male,55.61
Katlin,Sidebotham,ksidebothamky@ow.ly,Female,50.49
Dix,Moody,dmoodykz@fda.gov,Female,61.55
Christiane,Goslin,cgoslinl0@wordpress.com,Female,43.85
Walton,Vassman,wvassmanl1@1688.com,Bigender,13.54
Marijn,Briscow,mbriscowl2@usa.gov,Male,19.17
Lenard,Boick,lboickl3@qq.com,Male,12.24
Colet,Ranklin,cranklinl4@indiegogo.com,Male,44.21
Burtie,Knutsen,bknutsenl5@vistaprint.com,Male,94.67
Cecilius,Barz,cbarzl6@behance.net,Male,56.99
Hubie,Surcomb,hsurcombl7@barnesandnoble.com,Genderfluid,9.49
Pansy,Allgood,pallgoodl8@pinterest.com,Female,87.36
Lucretia,Hanford,lhanfordl9@vistaprint.com,Female,61.47
Evanne,Goggey,egoggeyla@indiegogo.com,Agender,83.01
Germayne,Whiteland,gwhitelandlb@aol.com,Male,67.69
Tamera,Streat,tstreatlc@imgur.com,Female,1.4
Hebert,Van't Hoff,hvanthoffld@nyu.edu,Male,53.02
Aldis,Joerning,ajoerningle@issuu.com,Male,50.89
Aurea,Rampley,arampleylf@slideshare.net,Female,43.7
Janaya,Treasaden,jtreasadenlg@npr.org,Female,98.01
Sybilla,Darrington,sdarringtonlh@engadget.com,Female,16.08
Eleen,Ferie,eferieli@upenn.edu,Female,32.18
Alric,Sieghart,asieghartlj@un.org,Male,16.82
Guss,Bonafacino,gbonafacinolk@godaddy.com,Male,94.79
Pearl,Golley,pgolleyll@wufoo.com,Female,89.98
Loella,Wyllcock,lwyllcocklm@bloglovin.com,Female,26.94
Clarie,Woodfield,cwoodfieldln@sciencedirect.com,Female,66.79
Vito,Diggens,vdiggenslo@forbes.com,Male,89.45
Olimpia,Bonellie,obonellielp@hatena.ne.jp,Female,5.68
Gerardo,Pashby,gpashbylq@seattletimes.com,Male,46.74
Leia,Jovanovic,ljovanoviclr@theatlantic.com,Agender,24.91
Meade,Palumbo,mpalumbols@wix.com,Polygender,36.66
Darill,Golby,dgolbylt@mashable.com,Male,94.66
Bobbee,Spurgeon,bspurgeonlu@oracle.com,Female,6.14
Midge,Mansel,mmansellv@sogou.com,Female,87.67
Juli,Patroni,jpatronilw@usa.gov,Female,88.2
Spense,Yakubowicz,syakubowiczlx@purevolume.com,Male,23.04
Dedra,Van Son,dvansonly@rambler.ru,Female,31.12
Darrell,Weiss,dweisslz@miibeian.gov.cn,Male,17.03
Martie,Gillum,mgillumm0@yandex.ru,Male,84.56
Jeremie,Callow,jcallowm1@census.gov,Male,42.36
Curr,Rennebeck,crennebeckm2@tmall.com,Male,91.18
Adlai,Panyer,apanyerm3@fc2.com,Male,2.05
Anne,Terese,ateresem4@imgur.com,Female,9.14
Benjie,Stoddard,bstoddardm5@google.com.hk,Male,95.61
Elsworth,Fairhall,efairhallm6@businessinsider.com,Male,33.47
Trey,Bohden,tbohdenm7@sun.com,Male,93.32
Hyatt,Antoniazzi,hantoniazzim8@nymag.com,Male,93.64
Gabby,Snoxall,gsnoxallm9@gov.uk,Male,92.16
Teddie,Hurrell,thurrellma@cdc.gov,Male,88.78
Verney,Mynett,vmynettmb@zimbio.com,Male,66.59
Winifred,Hinnerk,whinnerkmc@dailymail.co.uk,Female,14.76
Orion,Lundon,olundonmd@amazonaws.com,Male,47.62
Holden,Imloch,himlochme@irs.gov,Male,30.88
Lonnie,Long,llongmf@wikipedia.org,Male,60.55
Mickie,Bittany,mbittanymg@ca.gov,Polygender,71.15
Manya,Drakes,mdrakesmh@chronoengine.com,Female,57.01
Aristotle,Shotboult,ashotboultmi@unc.edu,Male,18.52
Hy,Scandwright,hscandwrightmj@marriott.com,Male,9.6
Klemens,Spinke,kspinkemk@dailymail.co.uk,Male,41.55
Gayla,Storton,gstortonml@feedburner.com,Bigender,77.93
Brietta,Iacomo,biacomomm@goo.ne.jp,Female,30.51
Kylen,Syddon,ksyddonmn@usgs.gov,Female,39.54
Nev,Witherdon,nwitherdonmo@addthis.com,Male,3.12
Pepita,Peidro,ppeidromp@senate.gov,Female,65.31
Dalis,Collinge,dcollingemq@surveymonkey.com,Agender,61.63
Carson,Gilbee,cgilbeemr@weather.com,Male,12.72
Beatrix,Parham,bparhamms@altervista.org,Female,68.89
Duke,Zellner,dzellnermt@people.com.cn,Male,47.27
Vance,Abella,vabellamu@t-online.de,Male,57.32
Kathrine,Plessing,kplessingmv@guardian.co.uk,Female,61.62
Erroll,Ruske,eruskemw@devhub.com,Male,92.66
Lem,Briance,lbriancemx@dagondesign.com,Male,14.72
Rogers,Crebo,rcrebomy@cdbaby.com,Male,87.77
Magnum,Tootell,mtootellmz@purevolume.com,Male,36.09
Roarke,Albrecht,ralbrechtn0@netvibes.com,Male,11.46
Vale,Bithany,vbithanyn1@ycombinator.com,Female,10.3
Mason,Postgate,mpostgaten2@e-recht24.de,Male,33.48
Annnora,Wookey,awookeyn3@soundcloud.com,Female,19.14
Shelby,Halpen,shalpenn4@myspace.com,Agender,92.35
Sayers,Anfusso,sanfusson5@jiathis.com,Male,66.93
Hart,Growden,hgrowdenn6@drupal.org,Male,26.91
Ardelis,O'Brogane,aobroganen7@marketwatch.com,Female,99.68
Rip,Noddings,rnoddingsn8@princeton.edu,Male,2.19
Margaretta,Thirlaway,mthirlawayn9@harvard.edu,Female,93.94
Sutton,Lozano,slozanona@mtv.com,Male,38.92
Marietta,Kinze,mkinzenb@china.com.cn,Male,41.92
Gerrard,Towse,gtowsenc@wp.com,Male,51.6
Mylo,Trasler,mtraslernd@blog.com,Male,80.01
Eulalie,Kolczynski,ekolczynskine@bravesites.com,Female,32.06
Neely,Rafferty,nraffertynf@ox.ac.uk,Female,43.8
Rozalie,Fritz,rfritzng@nymag.com,Female,10.06
Gloriana,Lindenboim,glindenboimnh@addthis.com,Female,29.13
Gabrila,Gristock,ggristockni@g.co,Polygender,19.62
Nicki,Klaff,nklaffnj@nature.com,Female,74.04
Markus,Lawless,mlawlessnk@earthlink.net,Male,53.56
Anthea,Elvidge,aelvidgenl@utexas.edu,Female,66.93
Hercule,Shimmings,hshimmingsnm@jalbum.net,Male,12.99
Gabriel,Hastewell,ghastewellnn@php.net,Female,17.58
Reinaldo,Grasner,rgrasnerno@multiply.com,Male,40.05
Alberta,Hellsdon,ahellsdonnp@sakura.ne.jp,Female,98.72
Ewart,Iacobetto,eiacobettonq@chron.com,Male,31.22
Griswold,Beuscher,gbeuschernr@printfriendly.com,Male,49.75
Corby,Bernath,cbernathns@php.net,Male,3.43
Damian,Jaggli,djagglint@nytimes.com,Male,98.09
Wallis,Kettlestringe,wkettlestringenu@blogtalkradio.com,Female,82.46
Wilhelm,Spavins,wspavinsnv@unc.edu,Male,77.05
Ken,Banthorpe,kbanthorpenw@globo.com,Male,70.99
Elysee,Boise,eboisenx@ihg.com,Female,72.8
Skelly,Findlater,sfindlaterny@fema.gov,Male,38.47
Dodi,Hawkshaw,dhawkshawnz@ucsd.edu,Female,24.65
Fayina,Blackett,fblacketto0@taobao.com,Female,51.01
Tommy,Tourner,ttournero1@hao123.com,Male,49.61
Jaime,Frankcom,jfrankcomo2@xrea.com,Male,17.31
Consolata,Haggard,chaggardo3@cornell.edu,Polygender,36.38
Paige,Rickesies,prickesieso4@go.com,Female,8.9
Abey,Raynham,araynhamo5@digg.com,Male,93.64
Barbara,McCourtie,bmccourtieo6@webeden.co.uk,Female,87.99
Lilias,Tott,ltotto7@youtu.be,Female,87.97
Kanya,Orniz,kornizo8@hugedomains.com,Female,82.35
Giorgia,Eckford,geckfordo9@mail.ru,Female,64.48
Elvis,Epton,eeptonoa@unc.edu,Male,39.64
Lynnett,Orhrt,lorhrtob@themeforest.net,Female,22.74
Abra,Priestland,apriestlandoc@mac.com,Female,87.37
Annmaria,Holtham,aholthamod@woothemes.com,Genderqueer,99.89
Jennie,Jentet,jjentetoe@list-manage.com,Female,40.44
Baudoin,Fewell,bfewellof@jimdo.com,Male,26.77
Cyrus,Noads,cnoadsog@123-reg.co.uk,Male,5.87
Eadmund,Druce,edruceoh@quantcast.com,Male,6.24
Gayelord,Ranner,granneroi@samsung.com,Male,70.04
Pepillo,Burhouse,pburhouseoj@java.com,Male,82.18
Anne-marie,Coath,acoathok@geocities.com,Female,68.33
Jo,Milburn,jmilburnol@blog.com,Male,6.57
Son,Tomicki,stomickiom@furl.net,Male,30.71
Suzanne,Saull,ssaullon@oakley.com,Female,7.69
Dael,Dalmon,ddalmonoo@aboutads.info,Male,52.36
Maje,Good,mgoodop@bing.com,Male,78.09
Minnnie,Jaquin,mjaquinoq@hexun.com,Female,22.07
Pepita,Hamments,phammentsor@comcast.net,Female,1.08
Jonathan,Drewett,jdrewettos@reverbnation.com,Male,73.22
Nils,Frenzel,nfrenzelot@skype.com,Male,49.05
Iago,Arnholdt,iarnholdtou@whitehouse.gov,Male,80.8
Adrian,Archibald,aarchibaldov@topsy.com,Female,2.8
Christophe,Thomlinson,cthomlinsonow@t.co,Male,26.49
Rory,Fairtlough,rfairtloughox@quantcast.com,Male,36.28
Lukas,Pollok,lpollokoy@hubpages.com,Male,32.51
Langsdon,Waycott,lwaycottoz@scribd.com,Male,45.54
Paton,Deschelle,pdeschellep0@baidu.com,Male,12.65
Fabe,Nortcliffe,fnortcliffep1@archive.org,Male,14.2
Brenn,Hampton,bhamptonp2@marketwatch.com,Female,8.64
Wendy,Wilgar,wwilgarp3@friendfeed.com,Female,52.71
Luke,Matessian,lmatessianp4@cnet.com,Bigender,20.02
Care,Willimott,cwillimottp5@mapy.cz,Male,47.71
Fiorenze,Geach,fgeachp6@nsw.gov.au,Genderfluid,17.82
Sloane,Shailer,sshailerp7@sohu.com,Male,23.85
Fionnula,Sehorsch,fsehorschp8@smh.com.au,Female,67.97
Malory,D'Avaux,mdavauxp9@wsj.com,Female,68.09
Tessa,Kivlin,tkivlinpa@walmart.com,Female,88.91
Sofie,Szymoni,sszymonipb@altervista.org,Female,37.44
Lina,Rubinowicz,lrubinowiczpc@abc.net.au,Female,48.47
Chelsey,Scoon,cscoonpd@liveinternet.ru,Female,86.73
Vern,McCaughen,vmccaughenpe@miitbeian.gov.cn,Male,58.7
Janka,Jacobs,jjacobspf@boston.com,Female,24.72
Bert,Goodsal,bgoodsalpg@free.fr,Female,3.4
Noel,Eadon,neadonph@statcounter.com,Female,40.02
Prissie,Govett,pgovettpi@opera.com,Female,74.02
Verney,Longstaff,vlongstaffpj@scientificamerican.com,Male,22.73
Cassius,Koppes,ckoppespk@alexa.com,Genderqueer,42.9
Lonnard,Bode,lbodepl@list-manage.com,Male,94.63
Hieronymus,Romagnosi,hromagnosipm@ow.ly,Male,74.33
Amie,Vine,avinepn@instagram.com,Female,58.91
Barrett,Geroldo,bgeroldopo@irs.gov,Male,80.57
Mischa,Markwelley,mmarkwelleypp@netscape.com,Male,5.97
Dolley,Hagley,dhagleypq@ibm.com,Female,72.02
Bartholomeus,Moreinu,bmoreinupr@de.vu,Male,22.74
Roobbie,Lindblom,rlindblomps@chronoengine.com,Female,35.09
Estella,Whifen,ewhifenpt@google.com.br,Female,89.51
Mimi,Leer,mleerpu@imgur.com,Female,41.36
Greg,Buncom,gbuncompv@google.fr,Male,6.49
Benton,Uzzell,buzzellpw@163.com,Male,97.34
Bianca,Melan,bmelanpx@craigslist.org,Female,18.63
Haleigh,Morigan,hmoriganpy@umn.edu,Female,22.05
Roana,McAnalley,rmcanalleypz@tinyurl.com,Female,35.02
Marcie,Hutable,mhutableq0@cbslocal.com,Female,11.35
Lise,Zannutti,lzannuttiq1@dot.gov,Female,65.25
Anatola,Lambregts,alambregtsq2@hugedomains.com,Female,36.68
Leilah,Sager,lsagerq3@alibaba.com,Female,86.8
Donnell,Abrahmovici,dabrahmoviciq4@alexa.com,Male,78.89
Pace,Sommerscales,psommerscalesq5@mozilla.org,Male,5.46
Viki,Clausson,vclaussonq6@chicagotribune.com,Female,27.74
Gillian,Daft,gdaftq7@dyndns.org,Female,12.05
Schuyler,Lucien,slucienq8@cafepress.com,Male,75.35
Elysia,Cuming,ecumingq9@comcast.net,Female,33.16
Annadiana,Leyband,aleybandqa@wufoo.com,Female,15.23
Stephenie,Aickin,saickinqb@cnn.com,Female,98.47
Vin,Belloch,vbellochqc@w3.org,Female,66.05
Kalle,Platts,kplattsqd@parallels.com,Male,49.05
Briny,Goldster,bgoldsterqe@posterous.com,Female,40.07
Valida,Lowton,vlowtonqf@nyu.edu,Genderqueer,11.07
Esther,Gascar,egascarqg@hp.com,Female,24.09
Allissa,Martinyuk,amartinyukqh@nyu.edu,Female,4.56
Lev,Ebbutt,lebbuttqi@webs.com,Genderqueer,38.66
Baldwin,Grimwade,bgrimwadeqj@uiuc.edu,Male,43.1
Berte,Dart,bdartqk@bandcamp.com,Female,28.51
Moshe,Handasyde,mhandasydeql@mapy.cz,Male,14.65
Evyn,Count,ecountqm@shop-pro.jp,Male,71.27
Gayler,Quare,gquareqn@edublogs.org,Male,84.18
Janina,Lowman,jlowmanqo@bloglines.com,Female,74.18
Jaquith,Betchley,jbetchleyqp@ucla.edu,Female,67.06
Alfredo,Rudsdale,arudsdaleqq@yelp.com,Male,67.05
Alexia,Bawcock,abawcockqr@mapy.cz,Female,53.74
Dalis,McIndrew,dmcindrewqs@globo.com,Genderqueer,83.8
Chad,Vasyukov,cvasyukovqt@bing.com,Male,56.89
Gaspard,Jeannard,gjeannardqu@shinystat.com,Male,61.08
Benny,Szantho,bszanthoqv@theguardian.com,Male,79.71
Gearalt,Leacock,gleacockqw@bloglines.com,Male,15.77
Barny,Calvey,bcalveyqx@shareasale.com,Male,75.51
Gallard,Fish,gfishqy@eepurl.com,Male,25.7
Nicolle,Haggath,nhaggathqz@tamu.edu,Female,46.18
Cosetta,Gotcliffe,cgotcliffer0@fotki.com,Female,95.43
Rozalin,Genicke,rgenicker1@imageshack.us,Female,72.05
Sonnie,Yurevich,syurevichr2@last.fm,Female,87.77
Rene,Heater,rheaterr3@wsj.com,Female,67.75
Dasi,Colegrove,dcolegrover4@cloudflare.com,Female,11.3
Lion,Towse,ltowser5@php.net,Male,10.3
Antons,Gotter,agotterr6@domainmarket.com,Male,55.42
Bernardina,Sarjeant,bsarjeantr7@ebay.co.uk,Female,18.62
Thurstan,Audrey,taudreyr8@devhub.com,Male,26.95
Morty,Faiers,mfaiersr9@so-net.ne.jp,Agender,85.05
Kally,Tallet,ktalletra@angelfire.com,Female,22.11
Constantine,Rudsdale,crudsdalerb@dell.com,Male,32.34
Kingston,Monroe,kmonroerc@telegraph.co.uk,Male,60.61
Florrie,Brumham,fbrumhamrd@java.com,Agender,63.81
Niall,Falshaw,nfalshawre@scribd.com,Male,13.28
Ania,Gruszczak,agruszczakrf@nih.gov,Female,10.19
Alane,Le Monnier,alemonnierrg@jimdo.com,Female,14.42
Grannie,Emer,gemerrh@cpanel.net,Male,53.5
Patience,Dunkerley,pdunkerleyri@dell.com,Female,63.33
Tomasina,Glyn,tglynrj@elpais.com,Female,37.0
Kenyon,Boseley,kboseleyrk@topsy.com,Male,50.72
Bancroft,Edmeads,bedmeadsrl@ox.ac.uk,Male,88.97
Brittni,Culpin,bculpinrm@xing.com,Female,32.32
Correy,Gristock,cgristockrn@furl.net,Male,43.03
Erika,Landers,elandersro@earthlink.net,Female,46.81
Marcus,Stell,mstellrp@geocities.jp,Male,71.76
Sela,Tolliday,stollidayrq@dailymail.co.uk,Female,86.72
Sauveur,Blaylock,sblaylockrr@twitter.com,Male,92.09
